article_id,article_title,summary_v1,summary_v2,model_v1,model_v2,prompt_version_v1,prompt_version_v2
article_0001,"Who bombed the Iranian girls’ school, killing more than 170? What we know","The article discusses the deadly bombing of Shajareh Tayyebeh Elementary School in Iran, which resulted in over 170 deaths, predominantly children. It highlights the attack as the bloodiest incident in the ongoing United States-Israeli conflict with Iran, raising significant concerns about civilian casualties.","On February 28, an airstrike killed more than 170 people at Shajareh Tayyebeh Elementary School in Iran, marking the deadliest attack in the ongoing US-Israeli conflict with Iran. The bombing has intensified international concern over civilian casualties amid nearly two weeks of hostilities.",gpt-4.1-mini,gpt-4.1-mini,v1,v2
article_0002,Meta designs four in-house chips to power data centers,Meta Platforms has announced plans to develop four generations of in-house AI chips to enhance its data center infrastructure. This initiative aims to support the company's increasing artificial intelligence workloads.,Meta Platforms has announced the development of four generations of in-house AI chips to enhance its data center capabilities. This move aims to support the company's expanding AI workloads and improve infrastructure efficiency.,gpt-4.1-mini,gpt-4.1-mini,v1,v2
article_0003,Can a ferret eat blueberries?,"Ferrets can eat blueberries in moderation as an occasional treat. However, because ferrets have an obligate carnivore digestive system, blueberries should not be a regular part of their diet.","Ferrets can safely eat blueberries in moderation as an occasional treat. However, since ferrets have an obligate carnivore digestive system, blueberries should not be a regular part of their diet.",gpt-4.1-mini,gpt-4.1-mini,v1,v2
article_0004,"US Stock Market | S&P 500, Dow end lower as escalating Iran war sours risk appetite","US stocks, including the S&P 500 and Dow, ended lower due to escalating tensions between the US and Iran, which dampened risk appetite despite a calm inflation report. Investors were concerned about rising oil prices affecting consumer spending. Meanwhile, Indian markets also reacted negatively to the global downturn amid geopolitical uncertainties.","US stocks closed lower on Wednesday as escalating tensions between the US and Iran overshadowed a calm inflation report. Investors grew concerned about rising oil prices and their impact on consumer spending. Saudi Arabia increased oil production amid the heightened geopolitical risks, contributing to market uncertainty. Indian markets also reacted negatively to the global downturn.",gpt-4.1-mini,gpt-4.1-mini,v1,v2
article_0005,Mexico’s national team send message to Malagón,"Luis Ángel Malagón from Mexico’s national team has suffered a ruptured Achilles tendon, confirmed this afternoon. This injury will sideline him for at least six months, impacting his availability for the team.","Mexico’s national team goalkeeper Luis Ángel Malagón suffered a ruptured Achilles tendon, confirmed this afternoon. This serious injury will sideline him for at least six months, impacting both his club and national team duties.",gpt-4.1-mini,gpt-4.1-mini,v1,v2
article_0006,Netflix to pay as much as $600 million for AI filmmaking firm InterPositive: Bloomberg,"Netflix may pay up to $600 million to acquire Ben Affleck’s AI filmmaking company InterPositive, with part of the payment tied to performance targets. This potential deal indicates increasing acceptance of AI-generated content in Hollywood. InterPositive was founded in 2022 and focuses on AI-driven film production.","Netflix plans to acquire Ben Affleck’s AI filmmaking company InterPositive for up to $600 million, with part of the payment linked to performance targets. Founded in 2022, InterPositive's acquisition signals Hollywood’s growing acceptance of AI-generated content.",gpt-4.1-mini,gpt-4.1-mini,v1,v2
article_0007,Atlassian cuts hundreds of Australian jobs as AI slashes labour needs,"Atlassian is cutting nearly 500 Australian jobs, representing 30 percent of its global job reductions. The company plans to reallocate funds from these cuts to invest in artificial intelligence and enterprise sales.","Atlassian is cutting nearly 500 jobs in Australia, representing 30% of its global job reductions, to reallocate funds towards AI development and enterprise sales. The job cuts reflect the company's shift towards automation and investment in emerging technologies.",gpt-4.1-mini,gpt-4.1-mini,v1,v2
article_0008,What Causes Spontaneous Human Combustion?,"The article discusses the phenomenon of spontaneous human combustion, a topic often regarded with skepticism and fascination, especially among those familiar with late 20th-century mysteries. It hints at the cultural intrigue and myths surrounding the event but does not provide detailed causes or scientific explanations.","Spontaneous human combustion (SHC) refers to the unexplained phenomenon where a person suddenly bursts into flames without an external source of ignition. Despite its popularity in late 20th-century folklore, SHC remains scientifically unproven and is often attributed to other causes like underlying medical conditions or external factors. Understanding SHC is important to dispel myths and focus on real fire safety measures.",gpt-4.1-mini,gpt-4.1-mini,v1,v2
article_0009,"Musk unveils joint Tesla-xAI project 'Macrohard', eyes software disruption","Elon Musk unveiled a joint Tesla-xAI project called ""Macrohard"" or ""Digital Optimus,"" designed to simulate software creations like those from Microsoft. The system will operate using Tesla's in-house AI4 chip combined with xAI's Nvidia-based server hardware, aiming to disrupt the software industry.","Elon Musk unveiled ""Macrohard,"" a joint AI project between Tesla and his startup xAI, designed to simulate software development similar to companies like Microsoft. The system will run on Tesla’s in-house AI4 chip alongside xAI’s Nvidia-based server hardware. This initiative aims to disrupt traditional software creation through advanced AI technology.",gpt-4.1-mini,gpt-4.1-mini,v1,v2
article_0010,Grammarly shuts down “Expert Review” after pushback from the real experts,"Grammarly has shut down its ""Expert Review"" feature following backlash from journalists, academics, and authors. The feature allowed users to improve their writing by selecting from a roster of experts, but was criticized for impersonating writers. Superhuman Platform Inc. decided to remove the feature after the negative response.","Grammarly has shut down its ""Expert Review"" feature after receiving backlash from journalists, academics, and authors. The feature allowed users to improve their writing by selecting from a roster of experts, which was criticized for impersonating writers. Superhuman Platform Inc., the company behind Grammarly, decided to remove the feature following the controversy.",gpt-4.1-mini,gpt-4.1-mini,v1,v2
article_0011,Press Note 3’s slow thaw; Dream Sports exits,"The startup ecosystem will have to wait longer to see the benefits of the relaxed FDI norms, as Press Note 3 remains slow to thaw. Additionally, Dream Sports is exiting, and the food delivery sector is facing increasing pressure, according to the latest ETtech Morning Dispatch.","Dream Sports has exited Press Note 3 following a slow implementation of relaxed FDI norms aimed at benefiting the startup ecosystem. The expected advantages for startups from these regulatory changes will take longer to materialize. Additionally, the food delivery sector continues to face significant challenges amid these developments.",gpt-4.1-mini,gpt-4.1-mini,v1,v2
article_0012,Why are there birds chirping at 3am?,"The article explores why birds are chirping at 3 am, noting that this early morning birdsong is becoming more common, particularly in urban areas. It suggests that the phenomenon is due to a combination of factors, though specific reasons are not fully detailed in the provided text.","Birds chirping at 3 a.m. is becoming increasingly common, especially in urban areas. This early morning birdsong is linked to changes in environmental factors such as artificial lighting and noise pollution, which disrupt natural bird behavior. Understanding this shift helps explain how urbanization affects wildlife patterns.",gpt-4.1-mini,gpt-4.1-mini,v1,v2
